[["A_HGA","PRDTRACE","HTOTVAL","PEHSPNON","A_SEX","A_MARITL","state"],
["41","1","15607","2","1","7","2"],
["44","1","1606","2","1","7","2"],
["40","1","14446","2","2","7","2"],
["43","1","18806","2","2","7","2"],
["44","1","59845","2","1","1","2"],
["43","1","59845","2","2","1","2"],
["40","1","13101","2","1","5","2"],
["40","1","101612","2","2","1","2"],
["43","1","101612","2","1","1","2"],
["35","1","101612","2","1","7","2"],
["40","1","102419","2","2","1","2"],
["40","1","102419","2","1","1","2"],
["35","1","102419","2","2","7","2"],
["0","1","102419","2","1","7","2"],
["0","1","102419","2","2","7","2"],
["0","1","102419","2","2","7","2"],
["0","1","102419","2","2","7","2"],
["0","1","102419","2","1","7","2"],
["43","1","55687","2","2","7","2"],
["37","3","25900","2","1","7","2"],
["38","3","19620","2","2","4","2"],
["39","3","40800","2","2","1","2"],
["40","3","40800","2","1","1","2"],
["0","3","40800","2","2","7","2"],
["0","3","40800","2","1","7","2"],
["39","1","56388","2","2","1","2"],
["43","1","56388","2","1","1","2"],
["38","7","46929","2","2","7","2"],
["0","7","46929","2","1","7","2"],
["40","3","46929","2","2","4","2"],
["40","7","46929","2","2","7","2"],
["40","3","33614","2","2","4","2"],
["43","3","69836","2","2","1","2"],
["40","3","69836","2","1","1","2"],
["39","3","69836","2","1","7","2"],
["36","3","69836","2","2","7","2"],
["39","3","69836","2","1","7","2"],
["39","1","123004","2","1","1","2"],
["42","1","123004","2","2","1","2"],
["39","1","123004","2","1","7","2"],
["39","1","197510","2","1","1","2"],
["39","1","197510","2","2","1","2"],
["39","1","103275","2","1","1","2"],
["39","1","103275","2","2","1","2"],
["39","1","167183","2","1","1","2"],
["39","1","167183","2","2","1","2"],
["40","7","0","2","1","7","2"],
["44","1","266626","2","1","1","2"],
["42","1","266626","2","2","1","2"],
["0","1","266626","2","1","7","2"],
["0","1","266626","2","1","7","2"],
["40","1","16812","2","1","4","2"],
["40","1","84001","2","1","5","2"],
["40","1","22980","2","2","1","2"],
["40","1","22980","2","1","1","2"],
["43","1","29826","2","1","5","2"],
["46","1","45688","2","1","1","2"],
["40","1","45688","2","2","1","2"],
["40","1","25750","2","2","5","2"],
["41","1","555839","2","2","1","2"],
["39","1","555839","2","1","1","2"],
["36","1","555839","2","2","7","2"],
["43","1","90741","2","1","1","2"],
["43","1","90741","2","2","1","2"],
["0","1","90741","2","2","7","2"],
["0","1","90741","2","1","7","2"],
["0","1","90741","2","1","7","2"],
["0","1","90741","2","1","7","2"],
["0","1","90741","2","2","7","2"],
["39","3","15400","2","2","4","2"],
["40","1","141882","2","2","1","2"],
["39","1","141882","2","1","1","2"],
["43","1","126849","2","1","1","2"],
["40","1","126849","2","2","1","2"],
["40","1","126849","2","1","7","2"],
["39","1","84132","2","1","1","2"],
["39","1","84132","2","2","1","2"],
["0","1","84132","2","2","7","2"],
["0","1","84132","2","1","7","2"],
["39","1","14344","2","1","7","2"],
["40","3","33601","2","1","7","2"],
["44","1","258486","2","1","1","2"],
["44","1","258486","1","2","1","2"],
["0","1","258486","1","1","7","2"],
["0","1","258486","2","1","7","2"],
["39","1","194316","2","2","1","2"],
["40","1","194316","2","1","1","2"],
["39","1","17480","2","1","4","2"],
["39","1","46679","2","1","4","2"],
["44","1","96792","2","2","1","2"],
["42","1","96792","2","1","1","2"],
["39","1","78038","2","2","1","2"],
["39","1","78038","2","1","1","2"],
["43","1","65095","2","2","1","2"],
["42","1","65095","2","1","2","2"],
["0","1","65095","2","1","7","2"],
["43","1","39400","2","2","7","2"],
["0","1","39400","2","1","7","2"],
["0","1","39400","2","2","7","2"],
["0","1","39400","2","1","7","2"],
["0","1","39400","2","2","7","2"],
["0","1","39400","2","1","7","2"],
["0","1","39400","2","2","7","2"],
["39","1","55214","2","1","7","2"],
["39","1","55214","1","2","7","2"],
["37","7","22000","2","1","7","2"],
["37","1","22000","2","1","5","2"],
["43","1","143233","2","1","1","2"],
["44","1","143233","2","2","1","2"],
["0","1","143233","2","2","7","2"],
["0","1","143233","2","1","7","2"],
["39","1","66074","2","1","1","2"],
["39","1","66074","2","2","1","2"],
["39","1","66074","2","1","5","2"],
["38","1","66074","2","2","3","2"],
["0","1","66074","2","1","7","2"],
["0","1","66074","2","2","7","2"],
["0","1","66074","2","2","7","2"],
["0","1","66074","2","1","7","2"],
["40","1","78386","2","1","1","2"],
["43","1","78386","2","2","1","2"],
["39","1","78386","2","1","7","2"],
["37","1","78386","2","1","7","2"],
["40","1","19818","2","2","5","2"],
["39","1","19818","2","2","7","2"],
["36","1","19818","2","1","7","2"],
["0","1","19818","2","2","7","2"],
["39","1","40000","2","1","5","2"],
["0","1","40000","2","2","7","2"],
["39","1","40000","2","2","7","2"],
["39","1","113100","2","2","1","2"],
["42","1","113100","2","1","1","2"],
["0","1","113100","2","2","7","2"],
["0","1","113100","2","2","7","2"],
["0","1","113100","2","1","7","2"],
["0","1","113100","2","2","7","2"],
["0","1","113100","2","1","7","2"],
["39","1","51600","2","2","5","2"],
["39","1","51600","2","1","7","2"],
["39","1","51600","2","1","7","2"],
["39","1","51600","2","2","7","2"],
["0","1","51600","2","1","7","2"],
["0","1","51600","2","2","7","2"],
["0","1","51600","2","2","7","2"],
["45","1","22348","2","2","5","2"],
["39","1","77986","2","2","1","2"],
["40","1","77986","2","1","1","2"],
["43","1","35000","2","1","7","2"],
["40","1","15710","2","2","5","2"],
["35","3","15710","2","1","7","2"],
["43","1","53246","2","1","1","2"],
["43","1","53246","2","2","1","2"],
["0","1","53246","2","1","7","2"],
["0","1","53246","2","1","7","2"],
["0","1","53246","2","1","7","2"],
["43","7","1","2","1","1","2"],
["40","1","1","2","2","1","2"],
["43","1","12005","2","1","7","2"],
["44","1","83344","2","2","3","2"],
["36","1","83344","2","1","7","2"],
["39","1","50000","2","1","5","2"],
["39","1","50000","2","2","1","2"],
["39","1","50000","2","1","1","2"],
["35","1","50000","2","1","7","2"],
["0","1","50000","2","1","7","2"],
["0","1","50000","2","2","7","2"],
["43","1","81000","2","1","1","2"],
["44","1","81000","2","2","1","2"],
["0","1","81000","2","2","7","2"],
["0","1","81000","2","2","7","2"],
["0","1","81000","2","2","7","2"],
["39","1","16027","2","1","4","2"],
["39","1","55001","2","2","2","2"],
["42","1","55001","2","1","1","2"],
["0","1","55001","2","2","7","2"],
["40","4","65527","2","1","1","2"],
["40","4","65527","2","2","1","2"],
["43","3","71","2","1","1","2"],
["40","1","71","2","2","1","2"],
["39","1","71","2","1","7","2"],
["36","1","71","2","2","7","2"],
["35","1","71","2","1","7","2"],
["0","7","71","2","2","7","2"],
["0","7","71","2","1","7","2"],
["43","1","61720","2","2","5","2"],
["0","7","61720","1","1","7","2"],
["43","1","157555","2","1","1","2"],
["39","1","157555","2","2","1","2"],
["39","1","157555","2","2","7","2"],
["39","1","157555","2","1","7","2"],
["39","1","29445","2","2","3","2"],
["39","4","64550","2","1","1","2"],
["39","4","64550","2","2","1","2"],
["40","4","64550","2","2","7","2"],
["40","1","47658","2","1","1","2"],
["42","1","47658","2","2","2","2"],
["0","1","47658","2","1","7","2"],
["39","1","45075","2","2","1","2"],
["40","1","45075","2","1","2","2"],
["35","1","45075","2","2","7","2"],
["46","1","43212","2","2","1","2"],
["44","1","43212","2","1","1","2"],
["0","1","43212","2","2","7","2"],
["0","1","43212","2","2","7","2"],
["39","7","30342","2","1","1","2"],
["39","3","30342","2","2","1","2"],
["39","4","41626","2","1","1","2"],
["42","4","41626","2","2","1","2"],
["0","4","41626","2","1","7","2"],
["0","4","41626","2","2","7","2"],
["37","4","41626","2","2","4","2"],
["36","4","41626","2","1","7","2"],
["43","4","67380","2","2","1","2"],
["39","4","67380","2","1","1","2"],
["40","4","67380","2","1","7","2"],
["40","1","112003","2","1","1","2"],
["44","1","112003","2","2","2","2"],
["0","1","112003","2","1","7","2"],
["0","1","112003","2","1","7","2"],
["40","3","19451","2","2","7","2"],
["0","3","19451","2","2","7","2"],
["0","3","19451","2","1","7","2"],
["39","7","130774","2","1","7","2"],
["42","3","130774","2","2","7","2"],
["39","3","81000","2","2","7","2"],
["39","3","81000","2","1","7","2"],
["44","3","92785","2","2","1","2"],
["39","3","92785","2","1","1","2"],
["34","3","92785","2","1","7","2"],
["39","3","95052","2","1","1","2"],
["40","3","95052","2","2","1","2"],
["34","3","95052","2","2","7","2"],
["0","3","95052","2","1","7","2"],
["0","3","95052","2","1","7","2"],
["39","3","43769","2","1","1","2"],
["39","3","43769","2","2","1","2"],
["39","3","43769","2","2","7","2"],
["34","3","43769","2","1","7","2"],
["43","1","140739","2","1","4","2"],
["40","3","140739","2","1","7","2"],
["40","3","20766","2","2","4","2"],
["39","3","23551","2","1","7","2"],
["40","3","16687","2","2","4","2"],
["37","3","14901","2","1","7","2"],
["35","3","11952","2","1","7","2"],
["36","3","3707","2","2","7","2"],
["39","3","36854","2","1","1","2"],
["40","3","36854","2","2","1","2"],
["0","3","36854","2","1","7","2"],
["0","3","36854","2","2","7","2"],
["40","3","213788","2","2","1","2"],
["40","1","213788","2","1","1","2"],
["35","7","213788","2","2","7","2"],
["0","7","213788","2","1","7","2"],
["39","3","56612","2","2","7","2"],
["37","3","88880","2","1","1","2"],
["39","3","88880","2","2","1","2"],
["36","3","88880","2","1","7","2"],
["39","3","88880","2","1","7","2"],
["39","3","88880","2","1","7","2"],
["0","3","88880","2","2","7","2"],
["0","3","88880","2","1","7","2"],
["0","3","88880","2","2","7","2"],
["0","3","88880","2","2","7","2"],
["37","3","88880","2","2","7","2"],
["40","7","86800","2","1","1","2"],
["40","3","86800","2","2","1","2"],
["37","3","86800","2","2","7","2"],
["34","3","86800","2","1","7","2"],
["0","3","86800","2","1","7","2"],
["39","3","102406","2","1","1","2"],
["41","3","102406","2","2","1","2"],
["0","3","102406","2","2","7","2"],
["39","3","60631","2","1","1","2"],
["39","3","60631","2","2","1","2"],
["35","3","60631","2","1","7","2"],
["0","3","60631","2","1","7","2"],
["41","3","42428","2","2","5","2"],
["40","7","43006","2","2","7","2"],
["39","7","43006","2","1","7","2"],
["37","7","43006","2","1","7","2"],
["0","7","43006","2","2","7","2"],
["0","7","43006","2","2","7","2"],
["39","7","43006","2","1","7","2"],
["43","1","467780","2","2","5","2"],
["40","1","467780","2","1","7","2"],
["40","1","467780","2","1","1","2"],
["40","1","467780","2","2","1","2"],
["39","1","467780","1","2","7","2"],
["40","1","179567","1","2","4","2"],
["40","3","170438","2","2","1","2"],
["40","3","170438","2","1","1","2"],
["0","3","170438","2","1","7","2"],
["39","3","48428","2","2","1","2"],
["39","3","48428","2","1","1","2"],
["40","3","58404","2","1","1","2"],
["39","3","58404","2","2","1","2"],
["0","3","58404","2","2","7","2"],
["0","3","58404","2","2","7","2"],
["0","3","58404","2","1","7","2"],
["0","3","58404","2","2","7","2"],
["43","3","65832","2","1","7","2"],
["39","3","48433","2","1","1","2"],
["39","3","48433","2","2","1","2"],
["39","7","126462","2","1","1","2"],
["42","1","126462","2","2","1","2"],
["39","3","93779","2","1","7","2"],
["39","3","93779","2","2","7","2"],
["37","3","250706","2","1","1","2"],
["39","3","250706","2","2","1","2"],
["0","3","250706","2","2","7","2"],
["43","3","250706","2","1","7","2"],
["39","3","46846","2","2","1","2"],
["39","3","46846","2","1","1","2"],
["37","3","46846","2","1","7","2"],
["37","3","46846","2","2","7","2"],
["39","3","50228","2","2","7","2"],
["37","3","50228","2","2","7","2"],
["0","3","50228","2","1","7","2"],
["39","3","50228","2","1","7","2"],
["40","3","95550","2","2","5","2"],
["37","3","95550","2","2","7","2"],
["35","3","95550","2","2","7","2"],
["39","3","62056","2","2","5","2"],
["39","3","62056","2","1","7","2"],
["0","3","62056","2","2","7","2"],
["39","3","62056","2","2","7","2"],
["40","3","48789","2","2","1","2"],
["39","3","48789","2","1","1","2"],
["0","3","48789","2","2","7","2"],
["0","3","48789","2","2","7","2"],
["0","3","48789","2","1","7","2"],
["39","3","19199","2","1","7","2"],
["39","3","19199","2","2","7","2"],
["0","3","19199","2","2","7","2"],
["0","3","19199","2","2","7","2"],
["39","3","19199","2","2","7","2"],
["39","3","19199","2","2","5","2"],
["43","1","60755","2","2","7","2"],
["39","7","122445","2","1","7","2"],
["40","7","122445","2","1","7","2"],
["39","7","122445","2","2","7","2"],
["39","7","122445","2","1","7","2"],
["0","7","122445","2","2","7","2"],
["0","3","122445","2","2","7","2"],
["0","3","122445","2","1","7","2"],
["40","7","122445","2","2","7","2"],
["43","3","123335","2","1","1","2"],
["40","3","123335","2","2","1","2"],
["34","3","123335","2","2","7","2"],
["0","3","123335","2","2","7","2"],
["39","1","85001","2","2","5","2"],
["40","1","71723","2","1","1","2"],
["39","3","71723","2","2","1","2"],
["39","3","71723","2","1","7","2"],
["40","3","170923","2","2","1","2"],
["39","3","170923","2","1","1","2"],
["0","3","170923","2","2","7","2"],
["0","3","170923","2","1","7","2"],
["0","3","170923","2","2","7","2"],
["0","3","170923","2","2","7","2"],
["39","3","190439","2","2","1","2"],
["39","3","190439","2","1","1","2"],
["39","3","190439","2","1","7","2"],
["40","3","190439","2","2","7","2"],
["40","3","190439","2","2","7","2"],
["0","3","190439","2","1","7","2"],
["39","3","35708","2","1","6","2"],
["45","1","35708","2","1","7","2"],
["39","3","35708","2","1","7","2"],
["37","3","55517","2","2","7","2"],
["36","3","55517","2","2","7","2"],
["34","3","55517","2","1","7","2"],
["34","3","55517","2","1","7","2"],
["0","3","55517","2","1","7","2"],
["0","3","55517","2","1","7","2"],
["0","3","55517","2","1","7","2"],
["39","3","55517","2","1","7","2"],
["39","3","116762","2","2","1","2"],
["36","3","116762","2","1","1","2"],
["39","3","116762","2","1","7","2"],
["39","3","116762","2","1","7","2"],
["39","3","116762","2","1","7","2"],
["36","3","116762","2","1","7","2"],
["0","3","116762","2","1","7","2"],
["43","1","117547","2","2","1","2"],
["43","1","117547","2","1","1","2"],
["0","3","117547","2","1","7","2"],
["0","3","117547","2","2","7","2"],
["0","1","117547","2","1","7","2"],
["39","3","89742","2","1","1","2"],
["39","3","89742","2","2","1","2"],
["39","3","89742","2","1","7","2"],
["39","3","89742","2","1","7","2"],
["36","3","89742","2","2","7","2"],
["0","3","89742","2","2","7","2"],
["0","3","89742","2","2","7","2"],
["39","3","89742","2","2","7","2"],
["0","3","89742","2","2","7","2"],
["39","3","89742","2","1","7","2"],
["39","3","22020","2","1","7","2"],
["39","3","22020","2","2","4","2"],
["39","3","92775","2","2","4","2"],
["39","3","92775","2","1","7","2"],
["37","3","92775","2","2","7","2"],
["39","3","92775","2","1","1","2"],
["39","3","92775","2","2","1","2"],
["0","3","92775","2","1","7","2"],
["39","3","92775","2","2","5","2"],
["0","3","92775","2","2","7","2"],
["43","3","92775","2","1","7","2"],
["0","3","92775","2","1","7","2"],
["0","3","92775","2","1","7","2"],
["39","3","92775","2","2","7","2"],
["39","3","55213","2","1","1","2"],
["39","3","55213","2","2","1","2"],
["34","3","17369","2","1","4","2"],
["44","1","137343","1","2","1","2"],
["40","3","137343","2","1","1","2"],
["0","7","137343","1","1","7","2"],
["0","7","137343","1","1","7","2"],
["39","3","65508","2","2","5","2"],
["36","3","61708","2","1","7","2"],
["36","3","61708","2","1","7","2"],
["0","3","61708","2","1","7","2"],
["0","3","61708","2","2","7","2"],
["0","3","61708","2","1","7","2"],
["0","3","61708","2","1","7","2"],
["0","3","61708","2","1","7","2"],
["0","3","61708","2","2","7","2"],
["40","3","61708","2","2","7","2"],
["38","3","31519","2","1","4","2"],
["39","3","31519","2","1","7","2"],
["0","3","31519","2","2","7","2"],
["0","3","31519","2","1","7","2"],
["40","3","30076","2","2","5","2"],
["37","3","30076","2","2","7","2"],
["44","3","149890","2","1","5","2"],
["35","14","149890","2","1","7","2"],
["39","5","149890","2","2","5","2"],
["40","3","82633","2","2","5","2"],
["41","3","82633","2","1","7","2"],
["35","3","82633","2","2","7","2"],
["36","3","30813","2","1","4","2"],
["39","3","30813","2","1","7","2"],
["39","3","30813","2","2","7","2"],
["0","3","30813","2","2","7","2"],
["39","3","30813","2","2","7","2"],
["0","3","30813","2","2","7","2"],
["39","3","30813","2","2","7","2"],
["36","3","30813","2","1","7","2"],
["40","1","68081","2","1","5","2"],
["43","1","103432","2","2","1","2"],
["41","1","103432","2","1","1","2"],
["42","1","41338","2","2","1","2"],
["39","1","41338","2","1","1","2"],
["43","1","95143","2","2","7","2"],
["41","1","95143","2","1","7","2"],
["40","1","84804","2","1","7","2"],
["40","8","84804","2","2","5","2"],
["39","8","17500","2","1","7","2"],
["42","1","61212","2","2","1","2"],
["43","1","61212","2","1","1","2"],
["43","7","91632","2","2","1","2"],
["40","7","91632","2","1","1","2"],
["39","7","91632","2","1","7","2"],
["0","7","91632","2","1","7","2"],
["0","7","91632","2","2","7","2"],
["41","1","72606","2","1","4","2"],
["39","1","2400","2","1","7","2"],
["34","3","29033","2","2","5","2"],
["0","3","29033","2","1","7","2"],
["0","3","29033","2","1","7","2"],
["39","3","29033","2","2","5","2"],
["43","1","206400","2","2","1","2"],
["42","1","206400","2","1","1","2"],
["43","1","84281","2","1","1","2"],
["43","1","84281","2","2","1","2"],
["0","1","84281","2","1","7","2"],
["43","1","20766","1","2","5","2"],
["40","1","231109","2","1","5","2"],
["39","1","231109","1","1","7","2"],
["41","1","52400","2","1","7","2"],
["43","1","22416","2","2","7","2"],
["39","1","18840","2","1","7","2"],
["44","4","126002","1","1","1","2"],
["44","4","126002","2","2","1","2"],
["38","1","117212","2","1","4","2"],
["43","1","117212","2","2","7","2"],
["44","1","101606","2","2","7","2"],
["43","1","147548","2","1","7","2"],
["43","1","147548","2","2","7","2"],
["42","1","96447","2","2","7","2"],
["0","1","96447","2","2","7","2"],
["41","1","96447","2","1","7","2"],
["0","1","96447","2","1","7","2"],
["40","1","50000","2","1","4","2"],
["43","1","148002","2","1","1","2"],
["43","1","148002","2","2","1","2"],
["0","1","148002","2","1","7","2"],
["0","1","148002","2","2","7","2"],
["40","1","30793","2","2","7","2"],
["0","1","30793","2","2","7","2"],
["41","1","150001","2","1","1","2"],
["41","1","150001","2","2","1","2"],
["38","1","150001","2","2","7","2"],
["42","1","93772","2","2","2","2"],
["43","1","93772","2","1","1","2"],
["0","1","93772","2","1","7","2"],
["0","1","93772","2","1","7","2"],
["40","1","64818","1","2","1","2"],
["40","1","64818","1","1","1","2"],
["39","1","64818","1","1","7","2"],
["41","1","36369","2","1","1","2"],
["42","8","36369","2","2","1","2"],
["40","8","36369","2","1","7","2"],
["40","1","30000","2","2","1","2"],
["40","1","30000","2","1","1","2"],
["0","1","30000","2","1","7","2"],
["40","4","81568","2","1","7","2"],
["36","4","81568","2","1","7","2"],
["0","4","81568","2","2","7","2"],
["42","4","81568","2","2","7","2"],
["41","5","376662","2","1","1","2"],
["44","1","376662","2","2","1","2"],
["42","1","140318","2","1","1","2"],
["42","1","140318","2","2","1","2"],
["40","3","140318","2","1","7","2"],
["0","3","140318","2","1","7","2"],
["44","1","219000","2","1","1","2"],
["43","1","219000","2","2","1","2"],
["0","1","219000","2","2","7","2"],
["0","1","219000","2","1","7","2"],
["39","1","30000","1","1","3","2"],
["40","7","110145","2","2","7","2"],
["39","1","110145","2","1","5","2"],
["39","1","72260","2","1","1","2"],
["43","1","72260","2","2","1","2"],
["43","1","559700","2","2","1","2"],
["43","1","559700","2","1","1","2"],
["39","1","16020","2","1","6","2"],
["40","1","75965","2","2","2","2"],
["43","1","75965","2","1","1","2"],
["0","1","75965","2","1","7","2"],
["39","1","98021","2","1","1","2"],
["41","1","98021","2","2","1","2"],
["39","1","116284","2","2","5","2"],
["43","1","116284","2","1","6","2"],
["43","1","116284","2","1","6","2"],
["36","1","116284","2","2","7","2"],
["0","1","116284","2","1","7","2"],
["40","1","229312","2","2","4","2"],
["41","1","229312","2","1","5","2"],
["0","8","229312","2","2","7","2"],
["43","1","116948","2","2","1","2"],
["43","1","116948","2","1","1","2"],
["45","1","76400","2","1","5","2"],
["39","1","12828","1","2","4","2"],
["44","1","188423","2","1","1","2"],
["46","1","188423","2","2","1","2"],
["40","4","27202","2","2","7","2"],
["35","4","27202","2","1","7","2"],
["0","4","27202","2","2","7","2"],
["43","1","94657","2","2","5","2"],
["39","1","120000","2","1","3","2"],
["40","1","40004","2","2","7","2"],
["0","1","40004","2","2","7","2"],
["0","1","40004","2","1","7","2"],
["43","1","40004","2","1","7","2"],
["39","1","118961","2","2","5","2"],
["39","1","118961","2","2","7","2"],
["44","1","355040","2","2","5","2"],
["40","1","355040","2","1","5","2"],
["43","2","100006","2","2","1","2"],
["43","2","100006","2","1","1","2"],
["39","1","1250","2","2","1","2"],
["39","1","1250","2","1","1","2"],
["39","1","55426","2","2","4","2"],
["40","1","34182","2","2","1","2"],
["42","1","34182","2","1","1","2"],
["43","1","152059","2","1","1","2"],
["44","1","152059","2","2","1","2"],
["39","1","95870","2","1","1","2"],
["42","4","95870","2","2","1","2"],
["0","1","95870","2","1","7","2"],
["38","4","37000","2","2","1","2"],
["38","4","37000","2","1","1","2"],
["43","1","30000","2","2","5","2"],
["43","3","30000","2","1","7","2"],
["42","1","57000","2","2","5","2"],
["41","1","66601","2","1","1","2"],
["39","3","66601","2","2","1","2"],
["39","1","289275","2","1","1","2"],
["40","4","289275","2","2","1","2"],
["43","1","87002","2","2","7","2"],
["43","1","43270","2","2","1","2"],
["43","1","43270","2","1","1","2"],
["44","1","141750","2","1","7","2"],
["39","1","101934","2","2","7","2"],
["41","1","101934","1","2","1","2"],
["39","1","101934","2","1","1","2"],
["43","1","55020","2","2","7","2"],
["34","5","160703","2","1","1","2"],
["39","5","160703","2","2","1","2"],
["41","5","160703","2","2","5","2"],
["35","5","160703","2","2","7","2"],
["39","5","160703","2","1","7","2"],
["0","5","160703","2","1","7","2"],
["0","5","160703","2","1","7","2"],
["46","1","217946","2","1","1","2"],
["43","1","217946","2","2","1","2"],
["42","1","85116","2","2","5","2"],
["0","1","85116","2","1","7","2"],
["0","1","85116","2","1","7","2"],
["0","1","85116","2","2","7","2"],
["39","1","85116","2","1","5","2"],
["43","1","307006","2","1","1","2"],
["43","1","307006","2","2","1","2"],
["43","1","846205","2","1","5","2"],
["40","1","846205","2","2","7","2"],
["44","1","97854","2","1","7","2"],
["40","1","240514","2","1","1","2"],
["43","1","240514","2","2","1","2"],
["0","1","240514","2","1","7","2"],
["0","1","240514","2","2","7","2"],
["0","1","240514","2","1","7","2"],
["0","1","240514","2","2","7","2"],
["43","1","293299","2","2","1","2"],
["39","1","293299","2","1","1","2"],
["0","1","293299","2","2","7","2"],
["43","1","19030","2","1","1","2"],
["40","1","19030","2","2","1","2"],
["43","1","183500","2","1","3","2"],
["46","1","36602","2","1","5","2"],
["40","7","183600","2","1","1","2"],
["44","1","183600","2","2","1","2"],
["39","1","0","2","1","7","2"],
["43","1","71684","2","2","1","2"],
["43","1","71684","2","1","1","2"],
["39","3","116720","2","1","1","2"],
["44","1","116720","2","2","1","2"],
["0","3","116720","2","2","7","2"],
["40","6","22016","2","1","7","2"],
["40","6","22016","2","1","7","2"],
["41","1","124900","2","1","1","2"],
["43","1","124900","2","2","1","2"],
["39","1","374716","2","1","7","2"],
["39","3","15000","2","2","7","2"],
["39","3","15000","2","2","7","2"],
["43","2","112004","2","2","2","2"],
["41","2","112004","2","1","1","2"],
["0","2","112004","2","2","7","2"],
["0","2","112004","2","2","7","2"],
["0","2","112004","2","2","7","2"],
["0","2","112004","2","1","7","2"],
["40","1","41841","2","2","2","2"],
["42","1","41841","2","1","1","2"],
["0","1","41841","2","2","7","2"],
["0","1","41841","2","2","7","2"],
["0","1","41841","2","2","7","2"],
["40","1","59604","2","2","1","2"],
["39","1","59604","2","1","1","2"],
["43","1","112151","2","2","1","2"],
["43","1","112151","2","1","1","2"],
["43","1","213482","2","2","1","2"],
["43","1","213482","2","1","1","2"],
["39","1","213482","2","2","7","2"],
["40","1","213482","2","1","7","2"],
["40","1","213482","2","2","7","2"],
["42","1","102130","2","1","1","2"],
["44","3","102130","2","2","1","2"],
["43","1","59300","1","2","1","2"],
["39","1","59300","1","1","1","2"],
["39","1","63854","2","2","7","2"],
["43","1","50000","2","2","7","2"],
["43","1","50000","2","1","7","2"],
["40","7","32328","2","1","7","2"],
["40","1","32328","1","1","7","2"],
["39","1","7825","2","2","5","2"],
["42","1","108974","2","2","1","2"],
["43","1","108974","2","1","1","2"],
["41","1","6607","2","1","5","2"],
["39","5","11886","2","2","5","2"],
["44","1","35800","1","1","4","2"],
["44","1","126842","2","1","1","2"],
["43","1","126842","2","2","1","2"],
["40","1","126842","2","1","7","2"],
["40","1","301402","2","1","1","2"],
["39","1","301402","2","2","1","2"],
["43","1","136934","2","1","1","2"],
["40","1","136934","2","2","1","2"],
["43","1","71310","2","1","5","2"],
["39","1","81228","2","1","1","2"],
["40","1","81228","2","2","2","2"],
["0","1","81228","2","1","7","2"],
["42","1","115007","2","2","1","2"],
["39","1","115007","2","1","1","2"],
["43","1","150576","2","2","1","2"],
["41","1","150576","2","1","1","2"],
["44","1","130137","2","1","1","2"],
["44","1","130137","2","2","1","2"],
["0","1","130137","2","2","7","2"],
["0","1","130137","2","2","7","2"],
["40","1","115904","2","1","7","2"],
["39","1","49045","2","1","1","2"],
["41","1","49045","2","2","1","2"],
["42","1","17","2","1","1","2"],
["40","1","17","2","2","2","2"],
["0","1","17","2","1","7","2"],
["0","1","17","2","2","7","2"],
["43","1","52500","2","2","5","2"],
["39","1","55676","2","2","1","2"],
["39","1","55676","2","2","1","2"],
["46","1","134333","2","1","4","2"],
["44","1","183673","2","2","1","2"],
["44","1","183673","2","1","1","2"],
["42","7","48201","2","1","7","2"],
["39","3","48201","2","2","4","2"],
["0","7","48201","2","2","7","2"],
["43","1","239062","2","1","1","2"],
["44","1","239062","2","2","1","2"],
["0","1","239062","2","1","7","2"],
["0","1","239062","2","1","7","2"],
["39","1","205940","2","1","1","2"],
["38","1","205940","2","2","1","2"],
["43","1","256304","2","1","3","2"],
["40","1","134571","2","1","5","2"],
["43","1","134571","2","1","7","2"],
["39","1","134571","2","2","1","2"],
["39","1","134571","2","1","1","2"],
["0","1","134571","2","1","7","2"],
["37","5","83700","2","1","1","2"],
["39","5","83700","2","2","1","2"],
["39","5","83700","2","1","7","2"],
["40","5","83700","2","2","7","2"],
["37","5","83700","2","2","7","2"],
["36","5","83700","2","2","7","2"],
["0","5","83700","2","2","7","2"],
["0","5","83700","2","1","7","2"],
["39","1","105212","2","1","7","2"],
["39","1","105212","2","1","7","2"],
["39","1","105212","2","2","5","2"],
["43","4","202564","2","2","1","2"],
["43","4","202564","2","1","1","2"],
["0","4","202564","2","2","7","2"],
["43","4","202564","2","1","1","2"],
["43","4","202564","2","2","1","2"],
["42","1","165108","2","1","1","2"],
["41","3","165108","2","2","1","2"],
["37","7","165108","2","2","7","2"],
["39","1","47018","2","1","7","2"],
["39","1","47018","2","1","7","2"],
["39","1","47018","2","2","7","2"],
["44","1","145679","2","1","1","2"],
["39","1","145679","2","2","1","2"],
["43","1","124170","2","1","1","2"],
["42","1","124170","2","2","1","2"],
["43","1","164206","2","2","1","2"],
["43","1","164206","2","1","1","2"],
["0","1","164206","2","1","7","2"],
["0","1","164206","2","2","7","2"],
["41","1","385003","2","2","1","2"],
["43","1","385003","2","1","1","2"],
["43","1","385003","2","1","7","2"],
["41","1","107507","2","1","1","2"],
["40","1","107507","2","2","2","2"],
["0","1","107507","2","1","7","2"],
["0","1","107507","2","1","7","2"],
["40","1","152312","2","1","1","2"],
["39","4","152312","2","2","1","2"],
["39","4","104819","2","1","1","2"],
["39","4","104819","2","2","1","2"],
["34","4","104819","2","2","7","2"],
["40","8","84861","2","1","1","2"],
["40","1","84861","2","2","1","2"],
["37","8","84861","2","1","7","2"],
["35","8","84861","2","1","7","2"],
["39","3","41603","2","1","7","2"],
["40","1","79761","2","2","7","2"],
["0","1","79761","2","1","7","2"],
["40","4","30826","2","2","5","2"],
["39","4","30826","2","2","7","2"],
["39","1","13220","2","2","4","2"],
["39","1","64800","2","1","7","2"],
["39","1","64800","2","2","7","2"],
["43","1","139658","2","1","1","2"],
["40","1","139658","2","2","2","2"],
["0","1","139658","2","1","7","2"],
["0","1","139658","2","2","7","2"],
["41","1","176150","2","2","1","2"],
["40","1","176150","2","1","1","2"],
["41","1","108076","2","2","1","2"],
["39","1","108076","2","1","1","2"],
["43","1","49001","2","1","3","2"],
["40","1","49660","2","1","7","2"],
["39","1","120002","2","1","1","2"],
["39","1","120002","2","2","1","2"],
["40","1","23000","2","2","4","2"],
["46","1","263512","2","1","1","2"],
["44","1","263512","2","2","1","2"],
["44","1","34712","2","2","7","2"],
["37","3","45172","2","1","1","2"],
["39","7","45172","2","2","1","2"],
["39","4","47615","2","1","7","2"],
["0","4","47615","2","1","7","2"],
["39","4","47615","2","2","7","2"],
["44","1","253249","2","1","1","2"],
["45","1","253249","2","2","1","2"],
["0","1","253249","2","2","7","2"],
["0","1","253249","2","1","7","2"],
["0","1","253249","2","2","7","2"],
["44","1","143620","2","1","1","2"],
["44","1","143620","2","2","1","2"],
["43","1","189052","2","1","1","2"],
["40","1","189052","2","2","1","2"],
["40","1","189052","2","1","7","2"],
["39","3","189052","2","1","7","2"],
["38","3","189052","2","1","7","2"],
["43","4","178250","2","2","1","2"],
["43","4","178250","2","1","1","2"],
["40","1","26899","2","2","7","2"],
["0","1","26899","2","1","7","2"],
["0","1","26899","2","1","7","2"],
["39","4","26899","2","1","7","2"],
["39","4","33227","2","2","5","2"],
["40","1","33227","2","2","5","2"],
["43","3","40420","2","1","4","2"],
["43","1","121626","2","1","7","2"],
["40","2","27500","2","2","7","2"],
["46","1","287425","2","1","1","2"],
["44","1","287425","2","2","1","2"],
["0","1","287425","2","1","7","2"],
["0","1","287425","2","2","7","2"],
["40","1","185814","2","1","1","2"],
["45","1","185814","2","2","1","2"],
["43","1","133377","2","1","7","2"],
["43","4","133377","2","1","7","2"],
["42","4","242572","2","2","7","2"],
["39","4","242572","2","1","7","2"],
["39","4","242572","2","2","7","2"],
["42","4","242572","2","2","7","2"],
["0","4","242572","2","2","7","2"],
["39","4","242572","2","1","1","2"],
["39","4","242572","2","2","1","2"],
["0","4","242572","2","1","7","2"],
["0","4","242572","2","2","7","2"],
["39","4","242572","2","1","7","2"],
["36","4","242572","2","1","7","2"],
["0","4","242572","2","1","7","2"],
["42","1","77101","2","1","5","2"],
["35","1","80700","2","2","7","2"],
["39","3","80700","2","2","7","2"],
["39","4","64960","2","2","7","2"],
["39","4","64960","2","1","7","2"],
["41","4","64960","2","2","7","2"],
["39","1","24250","1","2","5","2"],
["0","1","24250","1","2","7","2"],
["0","1","24250","1","2","7","2"],
["43","3","104802","2","2","4","2"],
["39","3","104802","2","2","7","2"],
["43","1","358849","2","2","1","2"],
["44","1","358849","2","1","1","2"],
["44","1","72001","2","1","7","2"],
["43","1","166701","2","1","1","2"],
["44","1","166701","2","2","2","2"],
["40","1","166701","2","1","7","2"],
["44","1","810892","2","2","1","2"],
["46","1","810892","2","1","1","2"],
["35","1","810892","2","1","7","2"],
["0","1","810892","2","1","7","2"],
["0","1","810892","2","2","7","2"],
["44","1","243230","2","1","1","2"],
["46","1","243230","2","2","1","2"],
["0","1","243230","2","2","7","2"],
["0","1","243230","2","1","7","2"],
["40","1","243230","2","2","4","2"],
["44","4","188216","2","2","2","2"],
["44","1","188216","2","1","1","2"],
["0","8","188216","2","1","7","2"],
["0","8","188216","2","1","7","2"],
["42","1","148111","2","1","1","2"],
["41","1","148111","1","2","1","2"],
["39","1","30606","2","1","7","2"],
["44","2","88051","2","2","1","2"],
["41","2","88051","2","1","1","2"],
["0","2","88051","2","2","7","2"],
["43","1","55000","2","2","1","2"],
["39","1","55000","2","1","1","2"],
["42","1","89308","2","2","5","2"],
["37","1","89308","2","2","7","2"],
["0","1","89308","2","1","7","2"],
["0","1","89308","2","1","7","2"],
["0","1","89308","2","2","7","2"],
["39","1","89308","2","2","1","2"],
["39","1","89308","2","1","1","2"],
["0","1","89308","2","1","7","2"],
["0","1","89308","2","1","7","2"],
["0","1","89308","2","2","7","2"],
["43","1","53501","2","2","7","2"],
["39","1","53501","2","2","5","2"],
["36","1","53501","2","1","7","2"],
["0","1","53501","2","2","7","2"],
["40","1","70030","2","2","4","2"],
["39","1","70030","2","1","5","2"],
["43","1","332280","2","1","7","2"],
["46","1","332280","2","2","7","2"],
["39","1","140243","2","1","1","2"],
["39","1","140243","2","2","1","2"],
["0","1","140243","2","2","7","2"],
["39","1","30000","2","1","1","2"],
["44","1","30000","2","2","1","2"],
["40","1","191205","1","2","2","2"],
["43","1","191205","1","2","1","2"],
["39","1","52816","2","2","4","2"],
["38","1","26081","2","2","7","2"],
["39","4","63212","2","1","1","2"],
["43","4","63212","2","2","1","2"],
["0","4","63212","2","2","7","2"],
["43","4","92025","2","1","1","2"],
["43","4","92025","2","2","2","2"],
["0","4","92025","2","1","7","2"],
["0","4","92025","2","2","7","2"],
["43","1","99801","2","1","1","2"],
["44","8","99801","2","2","1","2"],
["39","4","60726","2","1","1","2"],
["43","4","60726","2","2","1","2"],
["39","4","60726","2","2","7","2"],
["35","4","60726","2","1","7","2"],
["0","4","60726","2","2","7","2"],
["0","4","60726","2","2","7","2"],
["0","4","60726","2","2","7","2"],
["39","1","33002","1","1","7","2"],
["39","4","168154","2","1","7","2"],
["39","4","168154","2","2","7","2"],
["39","4","168154","2","1","1","2"],
["39","4","168154","2","2","1","2"],
["40","3","52720","2","2","7","2"],
["40","10","52720","2","2","7","2"],
["40","1","50017","2","1","7","2"],
["43","1","913","2","2","5","2"],
["39","1","87818","2","1","1","2"],
["43","1","87818","1","2","1","2"],
["37","1","87818","1","1","7","2"],
["0","1","87818","1","2","7","2"],
["43","1","58044","2","2","7","2"],
["43","1","58044","2","2","7","2"],
["43","4","21625","2","1","5","2"],
["43","3","150424","2","2","1","2"],
["44","3","150424","2","1","1","2"],
["42","3","150424","2","2","7","2"],
["39","3","150424","2","1","7","2"],
["40","1","101534","2","1","1","2"],
["40","1","101534","2","2","1","2"],
["39","1","101534","2","1","7","2"],
["43","7","182600","2","2","1","2"],
["40","1","182600","2","1","1","2"],
["0","7","182600","2","2","7","2"],
["43","1","155270","2","2","1","2"],
["40","1","155270","2","1","1","2"],
["0","1","155270","2","1","7","2"],
["43","1","533280","2","1","1","2"],
["43","1","533280","2","2","1","2"],
["36","1","533280","2","1","7","2"],
["0","1","533280","2","1","7","2"],
["43","1","581202","1","2","1","2"],
["40","1","581202","1","1","1","2"],
["0","1","581202","1","1","7","2"],
["40","5","129494","2","2","1","2"],
["39","5","129494","2","1","1","2"],
["40","5","129494","2","2","7","2"],
["39","5","129494","2","1","7","2"],
["40","1","128557","2","1","1","2"],
["43","1","128557","2","2","1","2"],
["40","1","128557","2","1","5","2"],
["37","1","128557","2","1","7","2"],
["37","1","128557","2","1","7","2"],
["40","1","100504","2","1","5","2"],
["40","1","100504","2","2","5","2"],
["43","1","128152","2","1","1","2"],
["39","1","128152","2","2","1","2"],
["0","1","128152","2","2","7","2"],
["40","1","88026","2","1","7","2"],
["43","1","88026","2","1","7","2"],
["44","2","285504","2","2","1","2"],
["44","1","285504","2","1","1","2"],
["0","6","285504","2","2","7","2"],
["43","1","83011","2","1","1","2"],
["38","1","83011","2","2","1","2"],
["0","1","83011","2","1","7","2"],
["44","1","180158","2","2","7","2"],
["44","1","180158","2","2","7","2"],
["40","1","349180","1","1","1","2"],
["46","1","349180","2","2","1","2"],
["38","1","349180","1","1","7","2"],
["44","1","115517","1","2","7","2"],
["44","1","115517","2","2","7","2"],
["40","1","107112","2","1","3","2"],
["40","7","107112","2","2","4","2"],
["40","1","96655","2","1","1","2"],
["40","1","96655","2","2","1","2"],
["39","1","37564","1","1","2","2"],
["44","1","37564","2","2","1","2"],
["0","1","37564","1","2","7","2"],
["0","1","37564","1","1","7","2"],
["0","1","37564","1","1","7","2"],
["41","1","37564","2","2","5","2"],
["43","1","223972","2","1","1","2"],
["43","1","223972","2","2","1","2"],
["40","1","223972","2","1","7","2"],
["39","1","223972","2","2","7","2"],
["45","1","348600","2","1","5","2"],
["40","1","348600","2","1","7","2"],
["40","1","348600","2","1","7","2"],
["40","1","348600","2","2","7","2"],
["36","1","348600","2","2","7","2"],
["44","6","63503","2","2","3","2"],
["38","6","63503","2","2","7","2"],
["39","1","11701","2","2","4","2"],
["43","1","18130","2","2","4","2"],
["39","3","76910","2","1","1","2"],
["39","3","76910","2","2","1","2"],
["39","3","76910","1","1","7","2"],
["43","1","238285","2","1","4","2"],
["39","1","238285","2","1","5","2"],
["40","2","61345","2","2","4","2"],
["39","2","61345","2","1","7","2"],
["39","1","23000","2","1","1","2"],
["39","1","23000","2","2","1","2"],
["0","1","23000","2","1","7","2"],
["0","1","23000","2","2","7","2"],
["0","1","23000","2","1","7","2"],
["39","1","241056","2","1","1","2"],
["44","1","241056","2","2","2","2"],
["0","1","241056","2","2","7","2"],
["40","7","37785","2","2","5","2"],
["40","1","31701","1","2","7","2"],
["39","3","33000","2","1","1","2"],
["39","3","33000","2","2","1","2"],
["39","1","67000","2","1","5","2"],
["43","4","146280","2","1","1","2"],
["43","4","146280","2","2","1","2"],
["40","4","146280","2","2","7","2"],
["40","4","146280","2","1","7","2"],
["39","4","146280","2","1","7","2"],
["44","1","30000","2","1","1","2"],
["44","1","30000","2","2","1","2"],
["39","4","14826","2","1","7","2"],
["43","1","97000","2","2","1","2"],
["43","1","97000","2","1","1","2"],
["41","1","8386","1","2","4","2"],
["44","1","37466","1","2","1","2"],
["43","1","37466","2","1","1","2"],
["40","1","37466","2","1","7","2"],
["41","1","75401","1","1","5","2"],
["42","1","61933","1","2","1","2"],
["40","1","61933","1","1","2","2"],
["0","1","61933","1","2","7","2"],
["0","1","61933","1","2","7","2"],
["33","1","61933","1","2","7","2"],
["43","1","100008","1","1","1","2"],
["43","1","100008","2","2","1","2"],
["0","1","100008","1","1","7","2"],
["0","1","100008","1","1","7","2"],
["40","1","35000","1","1","5","2"],
["38","1","20000","1","2","6","2"],
["0","1","20000","1","1","7","2"],
["32","1","8626","1","2","5","2"],
["43","2","80005","1","2","1","2"],
["40","1","80005","2","1","2","2"],
["36","2","80005","1","2","7","2"],
["0","3","80005","2","1","7","2"],
["0","2","80005","1","1","7","2"],
["0","3","80005","2","2","7","2"],
["0","6","80005","1","1","7","2"],
["39","1","45201","1","2","2","2"],
["40","1","45201","2","1","1","2"],
["0","1","45201","1","1","7","2"],
["0","1","45201","1","1","7","2"],
["42","1","142981","1","1","1","2"],
["42","1","142981","1","2","1","2"],
["40","1","142981","1","1","7","2"],
["37","1","142981","1","1","7","2"],
["40","1","142981","1","1","7","2"],
["40","1","32557","1","1","5","2"],
["43","1","209020","2","1","1","2"],
["43","1","209020","1","2","1","2"],
["0","1","209020","1","2","7","2"],
["0","1","209020","1","1","7","2"],
["0","1","209020","1","1","7","2"],
["40","2","132202","1","1","1","2"],
["40","2","132202","2","2","1","2"],
["44","3","84504","2","2","1","2"],
["46","3","84504","1","1","1","2"],
["0","3","84504","1","1","7","2"],
["0","3","84504","1","2","7","2"],
["0","3","84504","1","2","7","2"],
["0","3","84504","1","1","7","2"],
["44","1","48000","1","2","2","2"],
["43","1","48000","2","1","1","2"],
["0","1","48000","1","1","7","2"],
["0","1","48000","1","2","7","2"],
["39","1","33600","1","1","5","2"],
["38","6","57402","1","1","1","2"],
["38","6","57402","1","2","1","2"],
["37","6","57402","1","2","7","2"],
["40","1","32436","2","2","1","2"],
["40","1","32436","2","1","2","2"],
["0","1","32436","2","1","7","2"],
["41","1","122434","2","2","1","2"],
["40","1","122434","2","1","1","2"],
["0","1","122434","2","1","7","2"],
["0","1","122434","2","2","7","2"],
["0","1","122434","2","2","7","2"],
["43","1","153226","2","2","1","2"],
["44","1","153226","2","1","1","2"],
["35","1","153226","2","1","7","2"],
["0","1","153226","2","1","7","2"],
["0","1","153226","2","1","7","2"],
["44","1","150792","2","1","4","2"],
["39","8","150792","2","1","7","2"],
["39","1","380202","2","1","1","2"],
["43","1","380202","2","2","1","2"],
["0","1","380202","2","1","7","2"],
["0","1","380202","2","1","7","2"],
["43","1","380202","2","2","7","2"],
["43","4","110000","2","2","1","2"],
["43","4","110000","2","1","1","2"],
["43","4","110000","2","1","7","2"],
["44","1","167906","2","2","1","2"],
["43","1","167906","2","1","1","2"],
["36","1","167906","2","1","7","2"],
["0","1","167906","2","1","7","2"],
["40","1","96205","2","1","1","2"],
["33","4","96205","2","2","1","2"],
["43","4","102800","2","1","1","2"],
["43","4","102800","2","2","1","2"],
["43","1","382973","2","1","1","2"],
["44","1","382973","2","2","1","2"],
["43","1","382973","2","2","7","2"],
["40","1","382973","2","2","7","2"],
["36","1","382973","2","1","7","2"],
["40","4","156200","2","2","1","2"],
["39","4","156200","2","1","1","2"],
["39","4","156200","2","2","7","2"],
["39","4","156200","2","2","7","2"],
["39","4","156200","2","1","7","2"],
["39","3","85818","2","1","1","2"],
["39","3","85818","2","2","1","2"],
["35","3","85818","2","1","7","2"],
["0","3","85818","2","1","7","2"],
["0","3","85818","2","1","7","2"],
["0","3","85818","2","2","7","2"],
["39","1","168572","2","1","1","2"],
["43","1","168572","2","2","1","2"],
["0","1","168572","2","2","7","2"],
["0","1","168572","2","1","7","2"],
["43","1","105050","2","2","1","2"],
["43","1","105050","2","1","1","2"],
["0","1","105050","2","1","7","2"],
["0","1","105050","2","1","7","2"],
["39","7","23064","2","1","4","2"],
["38","7","23064","2","2","7","2"],
["36","7","23064","2","2","7","2"],
["0","7","23064","2","1","7","2"],
["0","7","23064","2","1","7","2"],
["43","4","127010","2","2","1","2"],
["43","4","127010","2","1","1","2"],
["34","4","50000","2","2","1","2"],
["43","4","50000","2","1","1","2"],
["0","4","50000","2","1","7","2"],
["0","4","50000","2","2","7","2"],
["43","4","62212","2","1","1","2"],
["43","4","62212","2","2","1","2"],
["38","4","62212","2","2","7","2"],
["0","4","62212","2","1","7","2"],
["42","4","23946","2","2","4","2"],
["39","1","56379","2","1","1","2"],
["39","1","56379","2","2","1","2"],
["0","1","56379","2","1","7","2"],
["0","1","56379","2","1","7","2"],
["43","3","64854","2","2","1","2"],
["42","1","64854","2","1","1","2"],
["40","1","64854","2","2","7","2"],
["40","1","64854","2","1","7","2"],
["44","2","72001","2","2","7","2"],
["39","4","26149","2","1","1","2"],
["39","4","26149","2","2","1","2"],
["40","4","26149","2","2","7","2"],
["39","2","9126","2","2","5","2"],
["44","1","218010","2","2","1","2"],
["46","1","218010","2","1","1","2"],
["37","1","218010","2","2","7","2"],
["39","1","108000","2","2","1","2"],
["40","1","108000","2","1","1","2"],
["40","1","108000","2","1","7","2"],
["38","1","108000","2","2","7","2"],
["42","3","43863","2","1","7","2"],
["36","3","43863","2","2","7","2"],
["39","4","40000","2","1","7","2"],
["43","5","66016","2","1","7","2"],
["43","5","66016","2","2","7","2"],
["43","4","58824","2","2","4","2"],
["39","4","58824","2","1","7","2"],
["39","2","16910","2","1","6","2"],
["43","1","66011","2","1","7","2"],
["0","1","66011","2","2","7","2"],
["40","1","66011","2","2","7","2"],
["39","3","29172","2","2","6","2"],
["39","1","29172","2","1","6","2"],
["40","1","158318","2","1","1","2"],
["44","1","158318","2","2","1","2"],
["36","1","158318","2","2","7","2"],
["0","1","158318","2","2","7","2"],
["0","1","158318","2","1","7","2"],
["43","1","146610","2","2","1","2"],
["43","3","146610","2","1","1","2"],
["44","1","60222","2","2","4","2"],
["0","1","60222","2","2","7","2"],
["39","4","80640","2","1","1","2"],
["39","4","80640","2","2","1","2"],
["43","4","80640","2","2","7","2"],
["43","1","114386","2","1","1","2"],
["44","2","114386","2","2","1","2"],
["39","3","164507","2","2","7","2"],
["39","1","164507","2","2","5","2"],
["44","3","164507","2","1","5","2"],
["0","3","164507","2","2","7","2"],
["43","4","110189","2","2","5","2"],
["40","4","110189","2","2","7","2"],
["36","4","110189","2","1","7","2"],
["0","4","110189","2","1","7","2"],
["40","4","110189","2","1","7","2"],
["38","1","23201","2","2","5","2"],
["39","1","23201","2","1","7","2"],
["0","1","23201","2","1","7","2"],
["0","1","23201","2","2","7","2"],
["39","3","34300","2","1","1","2"],
["39","3","34300","2","2","1","2"],
["0","1","34300","2","2","7","2"],
["0","3","34300","2","2","7","2"],
["0","3","34300","2","1","7","2"],
["44","1","1020170","2","1","1","2"],
["43","1","1020170","2","2","1","2"],
["0","1","1020170","2","2","7","2"],
["0","1","1020170","2","2","7","2"],
["0","1","1020170","2","1","7","2"],
["39","4","85002","2","1","7","2"],
["43","4","85002","2","2","5","2"],
["43","1","194406","2","1","1","2"],
["43","7","194406","2","2","1","2"],
["0","7","194406","2","2","7","2"],
["0","7","194406","2","2","7","2"],
["39","1","194406","2","1","1","2"],
["39","7","194406","2","2","1","2"],
["39","5","40020","2","2","7","2"],
["43","1","112052","2","1","1","2"],
["43","1","112052","2","2","2","2"],
["0","1","112052","2","2","7","2"],
["39","5","45576","2","2","5","2"],
["39","3","13600","2","2","5","2"],
["0","3","13600","2","1","7","2"],
["39","5","68215","2","2","7","2"],
["0","5","68215","2","2","7","2"],
["39","5","68215","2","2","7","2"],
["39","3","28200","2","2","1","2"],
["39","3","28200","2","1","1","2"],
["0","3","28200","2","1","7","2"],
["0","3","28200","2","1","7","2"],
["0","3","28200","2","2","7","2"],
["39","3","28200","2","2","7","2"],
["39","3","21601","2","2","7","2"],
["40","3","21601","2","2","4","2"],
["37","3","21601","2","2","7","2"],
["39","1","145036","1","1","1","2"],
["39","1","145036","1","2","2","2"],
["38","1","145036","1","1","7","2"],
["0","1","145036","1","1","7","2"],
["0","1","145036","1","2","7","2"],
["42","1","41060","2","2","2","2"],
["42","1","41060","2","1","1","2"],
["0","1","41060","2","2","7","2"],
["0","1","41060","2","1","7","2"],
["0","1","41060","2","2","7","2"],
["39","1","113246","2","2","1","2"],
["40","1","113246","2","1","1","2"],
["0","1","113246","2","2","7","2"],
["0","1","113246","2","2","7","2"],
["46","1","132546","2","1","1","2"],
["41","1","132546","2","2","1","2"],
["37","3","132546","2","1","7","2"],
["35","3","132546","2","2","7","2"],
["43","1","109001","2","2","2","2"],
["43","1","109001","2","1","1","2"],
["0","1","109001","2","1","7","2"],
["0","1","109001","2","2","7","2"],
["39","1","34000","2","2","1","2"],
["40","1","34000","1","2","1","2"],
["38","1","34000","1","2","7","2"],
["35","1","34000","1","2","7","2"],
["0","1","34000","1","1","7","2"],
["39","4","12652","2","2","4","2"],
["40","4","32557","1","1","6","2"],
["40","4","123829","2","1","1","2"],
["40","4","123829","2","2","1","2"],
["39","2","12426","2","2","5","2"],
["44","1","167425","2","2","1","2"],
["46","1","167425","2","1","1","2"],
["40","1","167425","2","1","7","2"],
["46","4","204818","2","1","1","2"],
["46","4","204818","2","2","1","2"],
["44","4","204818","2","2","7","2"],
["44","4","204818","2","2","7","2"],
["43","1","209476","2","1","1","2"],
["43","1","209476","2","2","1","2"],
["40","1","209476","2","2","7","2"],
["37","1","209476","2","1","7","2"],
["40","1","74025","2","2","1","2"],
["43","5","74025","2","1","1","2"],
["39","1","64551","2","1","1","2"],
["42","1","64551","2","2","1","2"],
["0","1","64551","2","2","7","2"],
["0","1","64551","2","1","7","2"],
["40","1","100062","2","2","1","2"],
["39","1","100062","2","1","1","2"],
["0","1","100062","2","1","7","2"],
["0","1","100062","2","1","7","2"],
["40","1","21051","2","2","1","2"],
["40","1","21051","2","1","1","2"],
["0","1","21051","2","2","7","2"],
["0","1","21051","2","1","7","2"],
["0","1","21051","2","1","7","2"],
["39","1","21051","2","2","4","2"],
["43","10","32724","2","1","5","2"],
["42","2","94000","2","1","5","2"],
["0","2","94000","2","1","7","2"],
["0","2","94000","2","1","7","2"],
["39","1","126008","2","1","1","2"],
["39","3","126008","2","2","1","2"],
["43","1","100055","2","1","1","2"],
["44","1","100055","2","1","1","2"],
["0","6","100055","2","2","7","2"],
["0","1","100055","2","2","7","2"],
["38","4","45878","2","1","1","2"],
["38","4","45878","2","2","1","2"],
["39","4","45878","2","2","7","2"],
["35","4","45878","2","2","7","2"],
["0","4","45878","2","1","7","2"],
["40","3","125720","2","2","5","2"],
["40","3","125720","2","1","7","2"],
["36","3","125720","2","1","7","2"],
["40","4","344504","2","2","7","2"],
["43","4","344504","2","1","7","2"],
["39","4","344504","2","1","1","2"],
["39","4","344504","2","2","1","2"],
["43","1","344504","2","2","7","2"],
["39","4","177524","2","1","1","2"],
["40","5","177524","1","2","1","2"],
["39","5","177524","1","2","7","2"],
["0","5","177524","1","2","7","2"],
["40","2","39310","2","2","5","2"],
["41","3","71756","2","2","1","2"],
["41","3","71756","2","1","1","2"],
["39","1","115099","2","1","4","2"],
["39","1","115099","1","2","7","2"],
["35","1","115099","1","2","7","2"],
["44","1","88401","2","2","1","2"],
["42","1","88401","2","1","1","2"],
["39","1","121151","2","2","1","2"],
["39","1","121151","2","1","1","2"],
["0","1","121151","2","2","7","2"],
["0","1","121151","2","2","7","2"],
["39","1","121151","2","1","7","2"],
["39","1","132045","2","1","1","2"],
["39","1","132045","2","2","1","2"],
["39","1","14947","2","2","4","2"],
["40","1","85010","2","1","7","2"],
["42","3","149925","2","2","1","2"],
["39","1","149925","2","1","1","2"],
["39","7","149925","2","1","7","2"],
["35","7","149925","2","2","7","2"],
["34","1","23034","2","2","3","2"],
["39","7","20279","2","1","7","2"],
["39","1","68600","2","1","7","2"],
["36","1","14904","2","1","7","2"],
["43","1","114912","2","1","1","2"],
["40","1","114912","2","2","1","2"],
["39","1","3900","2","2","1","2"],
["40","1","3900","2","1","1","2"],
["0","1","3900","2","1","7","2"],
["0","1","3900","2","1","7","2"],
["0","1","3900","2","2","7","2"],
["40","1","27054","2","2","4","2"],
["44","1","27054","2","1","7","2"],
["46","1","40290","2","2","4","2"],
["38","1","25626","2","2","4","2"],
["40","6","32217","2","2","7","2"],
["44","1","105367","2","2","6","2"],
["40","1","105367","2","2","7","2"],
["0","1","105367","2","1","7","2"],
["38","1","138150","2","2","1","2"],
["43","1","138150","2","1","1","2"],
["40","1","118612","2","2","1","2"],
["40","1","118612","2","1","1","2"],
["0","1","118612","1","1","7","2"],
["40","1","22012","2","2","5","2"],
["37","1","116965","2","2","1","2"],
["40","1","116965","2","1","1","2"],
["40","1","116965","2","2","7","2"],
["37","1","116965","2","2","7","2"],
["43","1","103709","2","1","1","2"],
["39","1","103709","2","2","1","2"],
["39","1","10818","2","2","4","2"],
["39","1","13000","2","2","5","2"],
["36","1","37330","2","1","5","2"],
["43","1","212450","2","1","1","2"],
["40","1","212450","2","2","1","2"],
["40","1","212450","2","1","5","2"],
["0","1","212450","2","2","7","2"],
["0","1","212450","2","2","7","2"],
["39","3","212450","2","2","7","2"],
["40","1","9434","2","2","2","2"],
["42","1","9434","2","1","1","2"],
["37","1","9434","2","1","7","2"],
["35","1","9434","2","1","7","2"],
["0","1","9434","2","2","7","2"],
["0","1","9434","2","1","7","2"],
["43","1","1606","2","2","3","2"],
["38","1","51085","2","1","7","2"],
["38","1","51085","2","1","7","2"],
["38","1","51085","2","2","7","2"],
["43","1","51085","2","2","7","2"],
["40","1","89021","1","1","1","2"],
["40","1","89021","2","2","1","2"],
["34","1","89021","2","1","7","2"],
["0","1","89021","2","1","7","2"],
["0","1","89021","1","2","7","2"],
["0","1","89021","1","2","7","2"],
["44","1","166109","2","1","1","2"],
["44","1","166109","2","2","1","2"],
["0","1","166109","2","2","7","2"],
["40","1","67220","2","1","5","2"],
["39","1","40658","2","2","7","2"],
["39","1","40658","2","1","7","2"],
["0","1","40658","2","1","7","2"],
["40","1","40658","2","2","7","2"],
["0","1","40658","2","1","7","2"],
["0","1","40658","2","2","7","2"],
["39","1","54170","2","1","1","2"],
["39","1","54170","2","2","1","2"],
["39","1","54170","2","2","4","2"],
["46","1","86080","2","2","5","2"],
["42","1","63060","2","1","7","2"],
["39","6","13200","2","2","7","2"],
["0","16","13200","2","2","7","2"],
["39","1","71910","2","2","1","2"],
["39","1","71910","2","1","1","2"],
["37","3","78095","1","1","1","2"],
["38","3","78095","2","2","1","2"],
["0","3","78095","2","1","7","2"],
["0","3","78095","1","2","7","2"],
["0","3","78095","1","1","7","2"],
["42","1","101","2","2","3","2"],
["39","1","101","2","2","7","2"],
["40","1","107000","2","1","7","2"],
["43","1","100055","2","2","1","2"],
["43","1","100055","2","1","1","2"],
["40","1","118489","2","1","1","2"],
["40","1","118489","2","2","1","2"],
["41","1","118489","2","2","5","2"],
["0","1","118489","2","1","7","2"],
["0","1","118489","2","2","7","2"],
["33","1","35212","2","2","1","2"],
["39","1","35212","2","1","1","2"],
["0","1","35212","2","2","7","2"],
["0","1","35212","2","2","7","2"],
["0","1","35212","2","1","7","2"],
["0","1","35212","2","2","7","2"],
["0","1","35212","2","2","7","2"],
["41","1","64100","1","2","1","2"],
["44","1","64100","2","1","1","2"],
["37","1","64100","1","1","7","2"],
["36","1","64100","1","1","7","2"],
["0","1","64100","1","1","7","2"],
["0","1","64100","1","2","7","2"],
["46","1","45003","2","2","1","2"],
["42","1","45003","2","1","1","2"],
["0","1","45003","2","2","7","2"],
["42","1","51938","2","2","1","2"],
["40","1","51938","2","1","1","2"],
["41","1","210211","2","1","5","2"],
["41","1","210211","2","2","5","2"],
["39","1","0","2","2","3","2"],
["40","1","40001","2","1","7","2"],
["39","1","67210","2","2","7","2"],
["39","1","67210","2","2","6","2"],
["39","1","67210","2","1","7","2"],
["39","1","67210","2","1","7","2"],
["44","1","16471","2","1","1","2"],
["40","4","16471","2","2","1","2"],
["39","1","69500","2","1","7","2"],
["42","1","71210","2","2","1","2"],
["39","1","71210","2","1","1","2"],
["39","1","71210","2","2","7","2"],
["40","1","71210","2","2","7","2"],
["0","1","71210","2","2","7","2"],
["0","1","71210","2","2","7","2"],
["0","1","71210","2","2","7","2"],
["0","1","71210","2","1","7","2"],
["39","10","131999","2","2","1","2"],
["39","3","131999","2","1","1","2"],
["0","7","131999","2","1","7","2"],
["0","7","131999","2","2","7","2"],
["0","7","131999","2","2","7","2"],
["39","7","131999","2","2","3","2"],
["0","7","131999","2","1","7","2"],
["0","7","131999","2","1","7","2"],
["39","1","62121","2","2","5","2"],
["40","1","61002","2","2","5","2"],
["43","1","105314","2","1","7","2"],
["42","1","105314","2","2","7","2"],
["39","1","29550","2","2","3","2"],
["41","1","14207","2","2","5","2"],
["0","1","14207","2","1","7","2"],
["0","1","14207","2","1","7","2"],
["0","1","14207","2","1","7","2"],
["0","1","14207","2","2","7","2"],
["39","1","108791","2","2","1","2"],
["43","1","108791","2","1","1","2"],
["39","1","60620","2","2","1","2"],
["37","1","60620","2","1","1","2"],
["35","1","60620","2","1","7","2"],
["0","1","60620","2","2","7","2"],
["0","2","60620","2","2","7","2"],
["0","6","60620","2","1","7","2"],
["0","1","60620","2","1","7","2"],
["44","1","156245","2","2","1","2"],
["43","1","156245","2","1","1","2"],
["37","1","156245","2","2","7","2"],
["35","1","156245","2","2","7","2"],
["39","1","90039","1","1","1","2"],
["39","7","90039","2","2","1","2"],
["0","7","90039","2","2","7","2"],
["0","7","90039","2","2","7","2"],
["0","7","90039","2","2","7","2"],
["0","7","90039","2","2","7","2"],
["43","8","89516","2","1","1","2"],
["42","8","89516","2","2","1","2"],
["40","8","89516","2","2","7","2"],
["35","8","89516","2","1","7","2"],
["44","1","138000","2","2","7","2"],
["0","1","138000","2","1","7","2"],
["0","1","138000","2","1","7","2"],
["0","1","138000","2","2","7","2"],
["41","1","99612","2","1","1","2"],
["39","1","99612","2","2","1","2"],
["39","7","230752","2","2","7","2"],
["40","7","230752","2","2","5","2"],
["36","7","230752","2","2","7","2"],
["39","1","230752","2","1","7","2"],
["44","1","160000","1","2","1","2"],
["39","1","160000","2","1","1","2"],
["43","1","45000","1","1","1","2"],
["40","1","45000","2","2","1","2"],
["44","1","97420","1","1","1","2"],
["44","1","97420","2","2","1","2"],
["40","1","97420","1","2","7","2"],
["35","3","97420","2","1","7","2"],
["0","1","97420","1","2","7","2"],
["0","1","97420","1","1","7","2"],
["37","1","89080","1","1","5","2"],
["37","1","89080","1","1","7","2"],
["38","1","89080","2","2","5","2"],
["39","1","131164","2","2","2","2"],
["44","1","131164","1","1","1","2"],
["0","1","131164","2","1","7","2"],
["0","1","131164","2","2","7","2"],
["0","1","131164","2","1","7","2"],
["43","2","332097","2","1","1","2"],
["44","1","332097","2","2","1","2"],
["0","6","332097","2","1","7","2"],
["0","6","332097","2","1","7","2"],
["41","1","167012","2","2","1","2"],
["40","1","167012","2","1","1","2"],
["40","1","167012","2","1","1","2"],
["40","3","167012","2","2","1","2"],
["39","1","45003","2","1","7","2"],
["0","1","45003","2","2","7","2"],
["0","1","45003","2","1","7","2"],
["0","1","45003","2","2","7","2"],
["0","1","45003","2","1","7","2"],
["39","1","45003","2","2","5","2"],
["39","1","73702","2","2","1","2"],
["39","1","73702","2","1","1","2"],
["40","1","73702","2","2","7","2"],
["0","1","73702","2","1","7","2"],
["39","7","176037","2","1","1","2"],
["42","1","176037","2","2","1","2"],
["40","1","122300","2","2","1","2"],
["40","1","122300","2","1","1","2"],
["40","1","122300","2","2","7","2"],
["37","1","122300","2","1","7","2"],
["0","1","122300","2","2","7","2"],
["40","1","201820","2","1","1","2"],
["44","1","201820","2","2","1","2"],
["0","1","201820","2","1","7","2"],
["0","1","201820","2","1","7","2"],
["43","1","201820","2","2","5","2"],
["40","1","201820","2","1","7","2"],
["43","1","144980","2","1","1","2"],
["44","1","144980","2","2","1","2"],
["38","1","144980","2","2","7","2"],
["37","1","144980","2","1","7","2"],
["39","1","68208","2","1","1","2"],
["42","1","68208","2","2","1","2"],
["0","1","68208","2","1","7","2"],
["0","1","68208","2","2","7","2"],
["42","1","166396","2","1","1","2"],
["40","1","166396","2","2","1","2"],
["36","1","166396","2","1","7","2"],
["34","1","166396","2","2","7","2"],
["39","1","43270","2","1","1","2"],
["39","1","43270","2","2","2","2"],
["0","1","43270","2","1","7","2"],
["39","1","4861","2","1","5","2"],
["36","1","4861","2","2","5","2"],
["37","1","4861","2","2","7","2"],
["35","1","74965","2","2","4","2"],
["43","3","74965","2","2","7","2"],
["40","7","96038","2","2","1","2"],
["39","7","96038","2","1","1","2"],
["39","7","96038","2","2","7","2"],
["39","7","96038","2","1","7","2"],
["39","1","96038","2","1","7","2"],
["39","1","30310","2","2","7","2"],
["0","1","30310","2","2","7","2"],
["43","1","150011","2","2","1","2"],
["43","1","150011","2","1","1","2"],
["0","1","150011","2","2","7","2"],
["0","1","150011","2","1","7","2"],
["39","1","21601","2","2","3","2"],
["0","1","21601","2","2","7","2"],
["0","1","21601","2","1","7","2"],
["39","1","21601","2","1","7","2"],
["39","1","147055","2","2","4","2"],
["39","3","147055","2","1","4","2"],
["43","1","60261","2","2","3","2"],
["37","1","60261","2","1","7","2"],
["0","1","60261","2","1","7","2"],
["0","1","60261","2","1","7","2"],
["0","1","60261","2","1","7","2"],
["40","1","64201","2","1","5","2"],
["0","1","64201","2","2","7","2"],
["39","1","101801","1","1","1","2"],
["39","7","101801","1","2","1","2"],
["39","7","101801","1","1","7","2"],
["39","7","101801","1","1","7","2"],
["0","7","101801","1","1","7","2"],
["0","7","101801","1","1","7","2"],
["0","7","101801","1","2","7","2"],
["39","1","15213","2","2","3","2"],
["34","1","15213","2","1","7","2"],
["43","1","143925","2","2","1","2"],
["40","1","143925","2","1","1","2"],
["0","1","143925","2","2","7","2"],
["0","1","143925","2","1","7","2"],
["43","1","182371","2","1","5","2"],
["43","1","182371","2","2","5","2"],
["39","1","104601","2","1","7","2"],
["40","1","104601","1","2","7","2"],
["39","1","173200","2","1","5","2"],
["43","1","133033","2","1","1","2"],
["40","1","133033","2","2","1","2"],
["44","7","149685","2","1","1","2"],
["45","1","149685","2","2","1","2"],
["40","7","30012","2","2","4","2"],
["35","3","30012","2","1","7","2"],
["0","3","30012","2","1","7","2"],
["0","3","30012","2","1","7","2"],
["44","2","49332","2","2","5","2"],
["40","1","32000","2","2","7","2"],
["40","1","32000","2","1","7","2"],
["40","1","141074","2","1","1","2"],
["43","1","141074","2","2","1","2"],
["0","1","141074","2","2","7","2"],
["0","1","141074","2","2","7","2"],
["39","1","58839","2","2","7","2"],
["39","1","58839","2","2","4","2"],
["39","1","76012","2","1","1","2"],
["39","1","76012","2","2","1","2"],
["39","1","174642","2","1","1","2"],
["39","1","174642","2","2","1","2"],
["39","1","174642","2","2","7","2"],
["39","1","174642","2","2","7","2"],
["43","1","244999","2","2","1","2"],
["45","1","244999","2","1","1","2"],
["0","1","244999","2","2","7","2"],
["0","1","244999","2","1","7","2"],
["0","1","244999","2","2","7","2"],
["42","1","49052","2","2","1","2"],
["43","1","49052","2","1","1","2"],
["0","1","49052","2","1","7","2"],
["0","1","49052","2","1","7","2"],
["0","1","49052","2","2","7","2"],
["0","1","49052","2","2","7","2"],
["39","1","102500","2","1","1","2"],
["39","1","102500","2","2","1","2"],
["0","1","102500","2","1","7","2"],
["0","1","102500","2","1","7","2"],
["0","1","102500","2","1","7","2"],
["0","1","102500","2","1","7","2"],
["44","1","43441","2","2","5","2"],
["40","1","47257","2","1","7","2"],
["0","6","47257","2","2","7","2"],
["40","2","47257","2","2","7","2"],
["39","1","39806","2","1","6","2"],
["43","1","283807","2","1","1","2"],
["40","1","283807","2","2","1","2"],
["44","1","283807","2","1","6","2"],
["39","1","373368","2","1","1","2"],
["43","1","373368","2","2","1","2"],
["40","1","14700","2","2","7","2"],
["34","6","14700","2","1","7","2"],
["39","1","30616","2","1","1","2"],
["37","1","30616","2","2","1","2"],
["38","1","30616","1","2","7","2"],
["0","1","30616","1","1","7","2"],
["43","1","109893","2","1","1","2"],
["43","1","109893","2","2","1","2"],
["37","1","109893","2","1","7","2"],
["36","1","109893","2","2","7","2"],
["0","1","109893","2","2","7","2"],
["42","3","190754","2","2","1","2"],
["41","3","190754","2","1","1","2"],
["39","3","190754","2","1","7","2"],
["45","1","276512","2","2","2","2"],
["44","1","276512","2","1","1","2"],
["0","1","276512","2","1","7","2"],
["0","1","276512","2","2","7","2"],
["42","1","112811","2","2","1","2"],
["43","1","112811","2","1","1","2"],
["39","1","112811","2","1","1","2"],
["39","3","112811","2","2","1","2"],
["0","7","112811","2","1","7","2"],
["0","7","112811","2","2","7","2"],
["43","1","164999","2","2","1","2"],
["40","1","164999","2","1","1","2"],
["40","1","164999","2","2","7","2"],
["39","2","30000","2","1","1","2"],
["40","2","30000","2","2","2","2"],
["0","2","30000","2","2","7","2"],
["0","2","30000","2","2","7","2"],
["43","1","121367","2","1","1","2"],
["43","1","121367","2","2","1","2"],
["39","1","121367","2","1","7","2"],
["42","1","44791","2","2","7","2"],
["39","1","44791","2","1","7","2"],
["43","1","59713","2","1","5","2"],
["39","1","59713","2","2","7","2"],
["43","1","280938","2","2","1","2"],
["43","1","280938","2","1","1","2"],
["40","1","280938","2","1","7","2"],
["40","1","40922","2","1","1","2"],
["39","3","40922","2","2","1","2"],
["40","3","29900","2","2","5","2"],
["36","3","29900","2","1","7","2"],
["36","3","29900","2","2","7","2"],
["0","3","29900","2","1","7","2"],
["43","1","115614","2","1","4","2"],
["36","1","22452","2","1","1","2"],
["39","3","22452","2","2","1","2"],
["44","5","211603","2","1","1","2"],
["44","1","211603","2","2","1","2"],
["39","1","81125","2","1","1","2"],
["42","1","81125","2","2","1","2"],
["39","1","81125","2","1","7","2"],
["37","1","81125","2","2","7","2"],
["42","1","45000","1","2","2","2"],
["43","1","45000","1","1","1","2"],
["0","1","45000","1","2","7","2"],
["0","1","45000","1","1","7","2"],
["0","1","45000","1","1","7","2"],
["44","3","306742","2","1","1","2"],
["44","3","306742","2","2","1","2"],
["40","1","22313","2","1","1","2"],
["42","1","22313","2","2","2","2"],
["0","1","22313","2","1","7","2"],
["0","1","22313","2","2","7","2"],
["0","1","22313","2","2","7","2"],
["40","1","180203","2","2","1","2"],
["42","1","180203","2","1","1","2"],
["39","1","100000","2","1","7","2"],
["43","1","33800","2","2","1","2"],
["39","1","33800","2","1","1","2"],
["0","1","33800","2","2","7","2"],
["0","1","33800","2","1","7","2"],
["44","1","321913","2","1","1","2"],
["42","1","321913","2","2","1","2"],
["43","1","15667","2","1","1","2"],
["41","1","15667","2","2","1","2"],
["44","1","109066","2","2","1","2"],
["43","1","109066","2","2","1","2"],
["40","2","61502","2","1","1","2"],
["44","1","61502","2","2","2","2"],
["0","6","61502","2","2","7","2"],
["0","6","61502","2","2","7","2"],
["0","6","61502","2","1","7","2"],
["40","1","109651","2","1","3","2"],
["40","1","101426","2","2","1","2"],
["40","1","101426","2","1","1","2"],
["40","1","101426","2","2","7","2"],
["40","1","101426","2","2","7","2"],
["0","1","101426","2","2","7","2"],
["0","1","101426","2","1","7","2"],
["42","1","142558","2","2","1","2"],
["39","1","142558","2","1","1","2"],
["40","1","142558","2","2","7","2"],
["40","1","201921","2","2","1","2"],
["40","1","201921","2","1","1","2"],
["42","1","201921","2","2","5","2"],
["0","1","201921","2","1","7","2"],
["36","3","197208","2","1","1","2"],
["40","1","197208","2","2","1","2"],
["0","7","197208","2","2","7","2"],
["0","7","197208","2","2","7","2"],
["40","3","74596","2","2","5","2"],
["0","3","74596","2","1","7","2"],
["0","3","74596","2","2","7","2"],
["44","1","60350","2","1","1","2"],
["43","1","60350","2","2","2","2"],
["0","1","60350","2","2","7","2"],
["0","1","60350","2","1","7","2"],
["40","1","46160","2","1","1","2"],
["39","1","46160","2","2","2","2"],
["36","1","46160","2","2","7","2"],
["0","1","46160","2","2","7","2"],
["0","1","46160","2","1","7","2"],
["39","1","110701","2","1","5","2"],
["40","1","110701","2","2","5","2"],
["39","1","35016","2","1","1","2"],
["42","1","35016","2","2","2","2"],
["0","1","35016","2","2","7","2"],
["0","1","35016","2","1","7","2"],
["42","1","51596","1","1","1","2"],
["44","1","51596","1","2","1","2"],
["42","1","303672","2","1","1","2"],
["39","1","303672","2","2","1","2"],
["45","1","151921","2","1","5","2"],
["43","1","75892","2","2","4","2"],
["40","1","75892","2","1","7","2"],
["40","1","75892","2","2","7","2"],
["43","1","101810","2","1","7","2"],
["43","1","101810","1","2","7","2"],
["39","1","59238","2","1","1","2"],
["42","1","59238","2","2","1","2"],
["39","1","97723","2","2","2","2"],
["42","1","97723","2","1","1","2"],
["0","1","97723","2","2","7","2"],
["0","1","97723","2","1","7","2"],
["39","1","78317","2","1","1","2"],
["43","4","78317","2","2","1","2"],
["0","8","78317","2","1","7","2"],
["0","8","78317","2","1","7","2"],
["0","8","78317","2","1","7","2"],
["39","3","48111","2","2","7","2"],
["37","3","48111","2","1","7","2"],
["39","3","48111","2","1","7","2"],
["34","3","48111","2","1","7","2"],
["39","1","171724","2","2","1","2"],
["39","1","171724","2","1","1","2"],
["39","5","98613","2","2","7","2"],
["0","5","98613","2","2","7","2"],
["41","5","98613","2","1","1","2"],
["34","5","98613","2","2","1","2"],
["39","5","98613","2","2","6","2"],
["0","5","98613","2","1","7","2"],
["0","5","98613","2","1","7","2"],
["39","3","35822","2","2","1","2"],
["39","1","35822","2","1","1","2"],
["0","3","35822","2","2","7","2"],
["44","1","179141","2","1","1","2"],
["43","1","179141","2","2","1","2"],
["35","1","179141","2","2","7","2"],
["34","1","179141","2","1","7","2"],
["34","1","179141","2","1","7","2"],
["0","4","179141","2","2","7","2"],
["34","1","28002","2","1","1","2"],
["39","1","28002","2","2","1","2"],
["40","1","99000","1","1","7","2"],
["40","1","99000","2","2","7","2"],
["44","1","79352","2","2","5","2"],
["0","1","79352","2","2","7","2"],
["40","1","232490","2","1","1","2"],
["43","3","232490","2","2","1","2"],
["0","7","232490","2","1","7","2"],
["40","1","226818","2","1","7","2"],
["42","1","226818","2","1","7","2"],
["43","1","226818","2","1","7","2"],
["39","1","23078","2","1","5","2"],
["43","1","283887","2","2","1","2"],
["41","1","283887","2","1","1","2"],
["0","1","283887","2","1","7","2"],
["0","1","283887","2","1","7","2"],
["39","10","130250","2","1","7","2"],
["39","2","130250","2","1","7","2"],
["39","2","130250","2","1","3","2"],
["42","1","148290","2","2","1","2"],
["40","1","148290","2","1","1","2"],
["0","1","148290","2","2","7","2"],
["40","1","92005","2","2","7","2"],
["40","1","42002","2","2","2","2"],
["40","1","42002","2","1","1","2"],
["0","1","42002","2","1","7","2"],
["31","3","12827","2","2","4","2"],
["43","1","192101","2","2","1","2"],
["40","1","192101","2","1","1","2"],
["0","1","192101","2","2","7","2"],
["0","1","192101","2","2","7","2"],
["39","19","43919","2","1","7","2"],
["38","7","43919","2","2","7","2"],
["39","7","146088","2","1","1","2"],
["46","1","146088","2","2","1","2"],
["40","1","200558","2","1","1","2"],
["41","1","200558","2","2","1","2"],
["0","1","200558","2","1","7","2"],
["0","1","200558","2","1","7","2"],
["40","1","83217","2","1","1","2"],
["40","1","83217","2","2","1","2"],
["0","1","83217","2","1","7","2"],
["0","1","83217","2","2","7","2"],
["0","1","83217","2","1","7","2"],
["0","1","83217","2","1","7","2"],
["0","1","83217","2","1","7","2"],
["0","1","83217","2","2","7","2"],
["40","3","74443","2","1","1","2"],
["39","3","74443","2","2","1","2"],
["39","3","74443","2","1","7","2"],
["39","1","152918","2","1","1","2"],
["40","1","152918","2","2","1","2"],
["35","1","152918","2","1","7","2"],
["39","1","111564","2","1","1","2"],
["41","1","111564","2","2","1","2"],
["37","2","111564","2","2","7","2"],
["37","2","111564","2","1","7","2"],
["39","3","57805","2","2","5","2"],
["37","3","57805","2","1","7","2"],
["44","1","85512","2","1","1","2"],
["34","4","85512","2","2","1","2"],
["42","7","112364","2","2","1","2"],
["39","7","112364","2","1","1","2"],
["0","7","112364","2","1","7","2"],
["0","7","112364","2","1","7","2"],
["39","1","66410","2","1","1","2"],
["44","1","66410","2","2","1","2"],
["0","1","66410","2","2","7","2"],
["40","1","70500","2","1","1","2"],
["41","1","70500","2","2","1","2"],
["36","1","70500","2","1","7","2"],
["0","1","70500","2","2","7","2"],
["40","1","29636","2","2","5","2"],
["0","3","29636","2","2","7","2"],
["0","1","29636","2","1","7","2"],
["43","1","24600","2","2","1","2"],
["39","1","24600","2","1","1","2"],
["0","1","24600","2","2","7","2"],
["40","1","237059","2","2","1","2"],
["43","1","237059","2","1","1","2"],
["0","1","237059","2","2","7","2"],
["0","1","237059","2","1","7","2"],
["42","1","57170","2","2","1","2"],
["42","7","57170","2","1","1","2"],
["0","7","57170","2","1","7","2"],
["0","7","57170","2","1","7","2"],
["0","7","57170","2","1","7","2"],
["43","7","129844","2","1","7","2"],
["40","7","129844","2","2","7","2"],
["40","7","129844","2","1","7","2"],
["39","5","74654","2","1","7","2"],
["42","1","86042","2","1","4","2"],
["39","1","192324","2","1","4","2"],
["40","3","69412","2","2","7","2"],
["0","3","69412","2","2","7","2"],
["0","3","69412","2","1","7","2"],
["40","3","69412","2","1","7","2"],
["40","1","155600","2","1","1","2"],
["40","1","155600","2","2","1","2"],
["40","5","130002","2","1","1","2"],
["40","1","130002","2","2","1","2"],
["0","9","130002","2","1","7","2"],
["0","9","130002","2","1","7","2"],
["43","1","85292","2","1","4","2"],
["40","1","98339","2","1","1","2"],
["40","1","98339","2","2","1","2"],
["39","3","20620","2","1","5","2"],
["43","1","5269","2","2","7","2"],
["41","3","133054","2","1","3","2"],
["43","7","133054","2","2","5","2"],
["43","1","118201","2","2","7","2"],
["43","1","118201","2","1","7","2"],
["43","1","228452","2","1","5","2"],
["40","7","228452","2","2","6","2"],
["39","1","228452","2","1","7","2"],
["40","1","6774","2","2","1","2"],
["37","1","6774","1","1","1","2"],
["42","3","264923","2","2","5","2"],
["40","3","264923","2","1","7","2"],
["43","1","108206","2","1","7","2"],
["44","1","108206","2","2","5","2"],
["40","1","3738","2","1","1","2"],
["40","1","3738","2","2","1","2"],
["39","3","23621","2","2","7","2"],
["43","3","23621","2","2","3","2"],
["40","3","23621","2","2","6","2"],
["0","3","23621","2","1","7","2"],
["46","1","163740","2","2","7","2"],
["40","1","72500","2","2","4","2"],
["43","1","72500","2","2","5","2"],
["44","1","104134","2","2","1","2"],
["44","1","104134","2","1","1","2"],
["45","1","180921","2","1","5","2"],
["37","1","180921","2","1","7","2"],
["35","1","180921","2","2","7","2"],
["0","1","180921","2","1","7","2"],
["40","1","58473","2","2","1","2"],
["42","8","58473","2","1","1","2"],
["34","1","58473","2","1","7","2"],
["0","1","58473","2","2","7","2"],
["0","1","58473","2","1","7","2"],
["0","1","58473","2","1","7","2"],
["0","1","58473","2","2","7","2"],
["0","1","58473","2","1","7","2"],
["41","1","65140","2","2","1","2"],
["40","1","65140","2","1","1","2"],
["39","4","139883","2","1","1","2"],
["39","3","139883","2","2","1","2"],
["37","4","139883","2","1","7","2"],
["37","4","139883","2","2","7","2"],
["40","4","139883","2","2","7","2"],
["0","4","139883","2","1","7","2"],
["40","1","156222","2","2","1","2"],
["40","1","156222","2","1","1","2"],
["44","7","169800","2","2","1","2"],
["40","3","169800","1","1","1","2"],
["0","7","169800","2","1","7","2"],
["43","1","176841","2","2","1","2"],
["40","1","176841","2","1","1","2"],
["39","1","176841","2","1","7","2"],
["35","1","176841","2","2","7","2"],
["0","1","176841","2","2","7","2"],
["0","1","176841","2","1","7","2"],
["44","1","403841","1","2","1","2"],
["42","1","403841","2","1","1","2"],
["0","1","403841","1","1","7","2"],
["0","1","403841","1","2","7","2"],
["42","15","90363","1","2","1","2"],
["40","1","90363","2","1","1","2"],
["0","21","90363","1","2","7","2"],
["40","7","14400","1","2","5","2"],
["44","1","45482","1","2","7","2"],
["40","1","45482","2","1","7","2"],
["43","1","136413","2","2","1","2"],
["43","7","136413","2","1","1","2"],
["0","7","136413","2","1","7","2"],
["0","7","136413","2","2","7","2"],
["43","7","83743","2","2","5","2"],
["0","7","83743","2","1","7","2"],
["0","7","83743","2","1","7","2"],
["37","1","55219","2","2","1","2"],
["40","3","55219","2","1","1","2"],
["37","3","55219","2","2","7","2"],
["0","3","55219","2","1","7","2"],
["0","3","55219","2","1","7","2"],
["43","5","83279","2","2","2","2"],
["44","1","83279","2","1","1","2"],
["0","5","83279","2","1","7","2"],
["0","5","83279","2","1","7","2"],
["39","1","123235","2","1","1","2"],
["43","1","123235","2","2","1","2"],
["0","1","123235","2","1","7","2"],
["43","1","46708","2","2","1","2"],
["43","1","46708","1","1","1","2"],
["43","3","95565","2","2","6","2"],
["0","3","95565","2","1","7","2"],
["0","3","95565","2","1","7","2"],
["40","3","93752","2","1","7","2"]]